obs_id,date,time,station,lat,lon,source,temp_c,humidity_pct,rain_mm,weather_condition,system_predicted,human_observed
16,16/3/2025,21:00,ภูชี้ฟ้า,19.851383,100.453975,api,22.4,32,0,Mainly Clear,1,1
14,2/3/2025,21:00,ภูชี้ฟ้า,19.851383,100.453975,api,20.3,37,0,Clear,1,1
69,16/3/2025,21:00,ภูชี้เดือน,19.882131,100.500142,api,19.7,40,0,Partly Cloudy,1,1
122,16/3/2025,21:00,ภูชี้ดาว,19.869002,100.486419,api,21.8,40,0,Partly Cloudy,1,1
544,2/3/2025,21:00,บ้านปางหลวง,19.488732,99.588826,api,21.6,41,0,Clear,1,1
12,16/2/2025,21:00,ภูชี้ฟ้า,19.851383,100.453975,api,17.9,44,0,Clear,1,1
489,16/2/2025,21:00,ศูนย์การเรียนรู้ อบจ.เชียงราย,19.928346,99.859843,api,23.2,45,0,Clear,1,1
67,2/3/2025,21:00,ภูชี้เดือน,19.882131,100.500142,api,17.4,47,0,Clear,1,1
120,2/3/2025,21:00,ภูชี้ดาว,19.869002,100.486419,api,19.6,48,0,Clear,1,1
230,30/3/2025,21:00,สวนแม่ฟ้าหลวง (ดอยตุง),20.32611,99.813845,api,22.2,50,0,Clear,1,1
548,30/3/2025,21:00,บ้านปางหลวง,19.488732,99.588826,api,24.5,50,0,Clear,1,1
274,26/1/2025,21:00,ฮ่อมลมจอย,19.705495,99.760664,api,22,51,0,Clear,1,1
279,2/3/2025,21:00,ฮ่อมลมจอย,19.705495,99.760664,api,23.7,51,0,Clear,1,1
546,16/3/2025,21:00,บ้านปางหลวง,19.488732,99.588826,api,22.5,51,0,Mainly Clear,1,0
547,23/3/2025,21:00,บ้านปางหลวง,19.488732,99.588826,api,22.3,51,0,Clear,1,1
171,16/2/2025,21:00,หอดูดาวมหาวิทยาลัยราชภัฏเชียงราย,19.992071,99.844441,api,21.2,52,0,Clear,1,1
65,16/2/2025,21:00,ภูชี้เดือน,19.882131,100.500142,api,16.1,53,0,Clear,1,1
228,16/3/2025,21:00,สวนแม่ฟ้าหลวง (ดอยตุง),20.32611,99.813845,api,18.4,53,0,Mainly Clear,1,1
10,2/2/2025,21:00,ภูชี้ฟ้า,19.851383,100.453975,api,16.3,54,0,Clear,1,1
17,23/3/2025,21:00,ภูชี้ฟ้า,19.851383,100.453975,api,20.2,54,0,Clear,1,1
118,16/2/2025,21:00,ภูชี้ดาว,19.869002,100.486419,api,18.3,54,0,Clear,1,1
332,2/3/2025,21:00,ดอยสะโง้,20.346547,99.98753,api,23.8,54,0,Clear,1,1
438,2/3/2025,21:00,แก้วก๋างนา ฟาร์มสเตย์,20.364135,99.886741,api,23.9,54,0,Clear,1,1
226,2/3/2025,21:00,สวนแม่ฟ้าหลวง (ดอยตุง),20.32611,99.813845,api,16,55,0,Clear,1,1
281,16/3/2025,21:00,ฮ่อมลมจอย,19.705495,99.760664,api,25,55,0,Mainly Clear,1,1
539,26/1/2025,21:00,บ้านปางหลวง,19.488732,99.588826,api,17.8,56,0,Clear,1,1
542,16/2/2025,21:00,บ้านปางหลวง,19.488732,99.588826,api,19.2,57,0,Clear,1,1
8,19/1/2025,21:00,ภูชี้ฟ้า,19.851383,100.453975,api,13.8,59,0,Clear,1,1
70,23/3/2025,21:00,ภูชี้เดือน,19.882131,100.500142,api,18.1,59,0,Clear,1,1
123,23/3/2025,21:00,ภูชี้ดาว,19.869002,100.486419,api,20.2,59,0,Clear,1,1
277,16/2/2025,21:00,ฮ่อมลมจอย,19.705495,99.760664,api,20.2,59,0,Clear,1,1
62,26/1/2025,21:00,ภูชี้เดือน,19.882131,100.500142,api,15.6,60,0,Clear,1,1
115,26/1/2025,21:00,ภูชี้ดาว,19.869002,100.486419,api,17.8,60,0,Clear,1,1
173,2/3/2025,21:00,หอดูดาวมหาวิทยาลัยราชภัฏเชียงราย,19.992071,99.844441,api,22.7,60,0,Clear,1,1
389,30/3/2025,21:00,ศรีค้ำ แม่จัน,20.220655,99.827766,api,26.7,60,0,Clear,1,1
61,19/1/2025,21:00,ภูชี้เดือน,19.882131,100.500142,api,12.7,61,0,Clear,1,1
233,20/4/2025,21:00,สวนแม่ฟ้าหลวง (ดอยตุง),20.32611,99.813845,api,21.7,61,0.2,Light Drizzle,1,0
334,16/3/2025,21:00,ดอยสะโง้,20.346547,99.98753,api,23.8,61,0,Partly Cloudy,1,1
385,2/3/2025,21:00,ศรีค้ำ แม่จัน,20.220655,99.827766,api,20.7,61,0,Clear,1,1
440,16/3/2025,21:00,แก้วก๋างนา ฟาร์มสเตย์,20.364135,99.886741,api,24,61,0,Partly Cloudy,1,1
495,30/3/2025,21:00,ศูนย์การเรียนรู้ อบจ.เชียงราย,19.928346,99.859843,api,26.8,61,0,Clear,1,1
18,30/3/2025,21:00,ภูชี้ฟ้า,19.851383,100.453975,api,20.4,62,0,Clear,1,1
63,2/2/2025,21:00,ภูชี้เดือน,19.882131,100.500142,api,14,62,0,Clear,1,1
114,19/1/2025,21:00,ภูชี้ดาว,19.869002,100.486419,api,14.9,62,0,Clear,1,1
116,2/2/2025,21:00,ภูชี้ดาว,19.869002,100.486419,api,16.2,62,0,Clear,1,1
175,16/3/2025,21:00,หอดูดาวมหาวิทยาลัยราชภัฏเชียงราย,19.992071,99.844441,api,23.3,62,0,Mainly Clear,1,1
177,30/3/2025,21:00,หอดูดาวมหาวิทยาลัยราชภัฏเชียงราย,19.992071,99.844441,api,26.6,62,0,Clear,1,1
181,27/4/2025,21:00,หอดูดาวมหาวิทยาลัยราชภัฏเชียงราย,19.992071,99.844441,api,27.5,62,0,Clear,1,1
392,20/4/2025,21:00,ศรีค้ำ แม่จัน,20.220655,99.827766,api,27.4,62,0,Clear,1,1
60,12/1/2025,21:00,ภูชี้เดือน,19.882131,100.500142,api,8.4,63,0,Clear,1,1
113,12/1/2025,21:00,ภูชี้ดาว,19.869002,100.486419,api,10.6,63,0,Clear,1,1
221,26/1/2025,21:00,สวนแม่ฟ้าหลวง (ดอยตุง),20.32611,99.813845,api,16.2,63,0,Clear,1,1
222,2/2/2025,21:00,สวนแม่ฟ้าหลวง (ดอยตุง),20.32611,99.813845,api,13.1,63,0,Partly Cloudy,1,1
286,20/4/2025,21:00,ฮ่อมลมจอย,19.705495,99.760664,api,27.2,63,0,Clear,1,1
287,27/4/2025,21:00,ฮ่อมลมจอย,19.705495,99.760664,api,27,63,0,Mainly Clear,1,0
336,30/3/2025,21:00,ดอยสะโง้,20.346547,99.98753,api,26.4,63,0,Clear,1,1
339,20/4/2025,21:00,ดอยสะโง้,20.346547,99.98753,api,27.4,63,0,Clear,1,1
442,30/3/2025,21:00,แก้วก๋างนา ฟาร์มสเตย์,20.364135,99.886741,api,26.5,63,0,Clear,1,1
445,20/4/2025,21:00,แก้วก๋างนา ฟาร์มสเตย์,20.364135,99.886741,api,27.6,63,0,Clear,1,1
499,27/4/2025,21:00,ศูนย์การเรียนรู้ อบจ.เชียงราย,19.928346,99.859843,api,28.2,63,0,Clear,1,1
540,2/2/2025,21:00,บ้านปางหลวง,19.488732,99.588826,api,18.6,63,0,Clear,1,1
330,16/2/2025,21:00,ดอยสะโง้,20.346547,99.98753,api,22.5,64,0,Clear,1,1
377,5/1/2025,21:00,ศรีค้ำ แม่จัน,20.220655,99.827766,api,18.6,64,0,Clear,1,1
380,26/1/2025,21:00,ศรีค้ำ แม่จัน,20.220655,99.827766,api,22,64,0,Clear,1,1
387,16/3/2025,21:00,ศรีค้ำ แม่จัน,20.220655,99.827766,api,22.3,64,0,Mainly Clear,1,1
436,16/2/2025,21:00,แก้วก๋างนา ฟาร์มสเตย์,20.364135,99.886741,api,22.7,64,0,Clear,1,1
491,2/3/2025,21:00,ศูนย์การเรียนรู้ อบจ.เชียงราย,19.928346,99.859843,api,23.8,64,0,Clear,1,1
9,26/1/2025,21:00,ภูชี้ฟ้า,19.851383,100.453975,api,15.3,65,0,Clear,1,1
71,30/3/2025,21:00,ภูชี้เดือน,19.882131,100.500142,api,19.6,65,0,Clear,1,1
224,16/2/2025,21:00,สวนแม่ฟ้าหลวง (ดอยตุง),20.32611,99.813845,api,15.5,65,0,Clear,1,1
488,9/2/2025,21:00,ศูนย์การเรียนรู้ อบจ.เชียงราย,19.928346,99.859843,api,22.5,65,0,Mainly Clear,1,1
498,20/4/2025,21:00,ศูนย์การเรียนรู้ อบจ.เชียงราย,19.928346,99.859843,api,27.4,65,0,Clear,1,1
7,12/1/2025,21:00,ภูชี้ฟ้า,19.851383,100.453975,api,8.8,66,0,Clear,1,1
124,30/3/2025,21:00,ภูชี้ดาว,19.869002,100.486419,api,21.7,66,0,Clear,1,1
486,26/1/2025,21:00,ศูนย์การเรียนรู้ อบจ.เชียงราย,19.928346,99.859843,api,21.7,66,0,Clear,1,1
541,9/2/2025,21:00,บ้านปางหลวง,19.488732,99.588826,api,17.8,66,0,Mainly Clear,1,1
6,5/1/2025,21:00,ภูชี้ฟ้า,19.851383,100.453975,api,11.3,67,0,Mainly Clear,1,1
59,5/1/2025,21:00,ภูชี้เดือน,19.882131,100.500142,api,10.3,67,0,Clear,1,1
180,20/4/2025,21:00,หอดูดาวมหาวิทยาลัยราชภัฏเชียงราย,19.992071,99.844441,api,26.8,67,0,Clear,1,1
273,19/1/2025,21:00,ฮ่อมลมจอย,19.705495,99.760664,api,19.9,67,0,Clear,1,1
283,30/3/2025,21:00,ฮ่อมลมจอย,19.705495,99.760664,api,26.4,67,0,Mainly Clear,1,1
383,16/2/2025,21:00,ศรีค้ำ แม่จัน,20.220655,99.827766,api,19.9,67,0,Clear,1,1
393,27/4/2025,21:00,ศรีค้ำ แม่จัน,20.220655,99.827766,api,27.4,67,0,Clear,1,1
418,19/10/2025,21:00,ศรีค้ำ แม่จัน,20.220655,99.827766,api,26,67,0,Clear,1,1
485,19/1/2025,21:00,ศูนย์การเรียนรู้ อบจ.เชียงราย,19.928346,99.859843,api,20.3,67,0,Clear,1,1
537,12/1/2025,21:00,บ้านปางหลวง,19.488732,99.588826,api,11.8,67,0,Clear,1,1
112,5/1/2025,21:00,ภูชี้ดาว,19.869002,100.486419,api,12.4,68,0,Clear,1,1
324,5/1/2025,21:00,ดอยสะโง้,20.346547,99.98753,api,18.5,68,0,Clear,1,1
327,26/1/2025,21:00,ดอยสะโง้,20.346547,99.98753,api,21.4,68,0,Clear,1,1
430,5/1/2025,21:00,แก้วก๋างนา ฟาร์มสเตย์,20.364135,99.886741,api,18.6,68,0,Clear,1,1
433,26/1/2025,21:00,แก้วก๋างนา ฟาร์มสเตย์,20.364135,99.886741,api,21.5,68,0,Clear,1,1
64,9/2/2025,21:00,ภูชี้เดือน,19.882131,100.500142,api,14,69,0,Clear,1,1
168,26/1/2025,21:00,หอดูดาวมหาวิทยาลัยราชภัฏเชียงราย,19.992071,99.844441,api,21.1,69,0,Clear,1,1
493,16/3/2025,21:00,ศูนย์การเรียนรู้ อบจ.เชียงราย,19.928346,99.859843,api,23.7,69,0,Mainly Clear,1,1
117,9/2/2025,21:00,ภูชี้ดาว,19.869002,100.486419,api,16.1,70,0,Clear,1,1
422,16/11/2025,21:00,ศรีค้ำ แม่จัน,20.220655,99.827766,api,21.5,70,0,Clear,1,1
545,9/3/2025,21:00,บ้านปางหลวง,19.488732,99.588826,api,20.4,70,0,Clear,1,1
551,20/4/2025,21:00,บ้านปางหลวง,19.488732,99.588826,api,22.6,70,0,Clear,1,1
1,1/12/2024,21:00,ภูชี้ฟ้า,19.851383,100.453975,api,16.1,71,0,Clear,1,1
11,9/2/2025,21:00,ภูชี้ฟ้า,19.851383,100.453975,api,13.9,71,0,Mainly Clear,1,1
15,9/3/2025,21:00,ภูชี้ฟ้า,19.851383,100.453975,api,17.4,71,0,Clear,1,1
271,5/1/2025,21:00,ฮ่อมลมจอย,19.705495,99.760664,api,18,71,0,Clear,1,1
487,2/2/2025,21:00,ศูนย์การเรียนรู้ อบจ.เชียงราย,19.928346,99.859843,api,21,71,0,Clear,1,1
581,16/11/2025,21:00,บ้านปางหลวง,19.488732,99.588826,api,18.2,71,0,Mainly Clear,1,1
170,9/2/2025,21:00,หอดูดาวมหาวิทยาลัยราชภัฏเชียงราย,19.992071,99.844441,api,22.2,72,0,Mainly Clear,1,1
275,2/2/2025,21:00,ฮ่อมลมจอย,19.705495,99.760664,api,21.5,72,0,Clear,1,1
282,23/3/2025,21:00,ฮ่อมลมจอย,19.705495,99.760664,api,24.8,72,0,Clear,1,1
316,16/11/2025,21:00,ฮ่อมลมจอย,19.705495,99.760664,api,22,72,0,Clear,1,1
68,9/3/2025,21:00,ภูชี้เดือน,19.882131,100.500142,api,16.6,73,0,Clear,1,1
121,9/3/2025,21:00,ภูชี้ดาว,19.869002,100.486419,api,18.7,73,0,Clear,1,1
167,19/1/2025,21:00,หอดูดาวมหาวิทยาลัยราชภัฏเชียงราย,19.992071,99.844441,api,19,73,0,Clear,1,1
176,23/3/2025,21:00,หอดูดาวมหาวิทยาลัยราชภัฏเชียงราย,19.992071,99.844441,api,23.9,73,0,Clear,1,1
272,12/1/2025,21:00,ฮ่อมลมจอย,19.705495,99.760664,api,14.9,73,0,Clear,1,1
276,9/2/2025,21:00,ฮ่อมลมจอย,19.705495,99.760664,api,21.9,73,0,Mainly Clear,1,1
382,9/2/2025,21:00,ศรีค้ำ แม่จัน,20.220655,99.827766,api,22.2,73,0,Clear,1,1
483,5/1/2025,21:00,ศูนย์การเรียนรู้ อบจ.เชียงราย,19.928346,99.859843,api,18.1,73,0,Clear,1,1
574,28/9/2025,21:00,บ้านปางหลวง,19.488732,99.588826,api,23,73,0,Clear,1,1
165,5/1/2025,21:00,หอดูดาวมหาวิทยาลัยราชภัฏเชียงราย,19.992071,99.844441,api,17,74,0,Clear,1,1
259,19/10/2025,21:00,สวนแม่ฟ้าหลวง (ดอยตุง),20.32611,99.813845,api,19.5,74,0,Clear,1,1
325,12/1/2025,21:00,ดอยสะโง้,20.346547,99.98753,api,15.6,74,0,Clear,1,1
340,27/4/2025,21:00,ดอยสะโง้,20.346547,99.98753,api,26.8,74,0,Mainly Clear,1,1
431,12/1/2025,21:00,แก้วก๋างนา ฟาร์มสเตย์,20.364135,99.886741,api,15.7,74,0,Clear,1,1
446,27/4/2025,21:00,แก้วก๋างนา ฟาร์มสเตย์,20.364135,99.886741,api,27,74,0,Mainly Clear,1,1
494,23/3/2025,21:00,ศูนย์การเรียนรู้ อบจ.เชียงราย,19.928346,99.859843,api,24.9,74,0,Clear,1,1
500,4/5/2025,21:00,ศูนย์การเรียนรู้ อบจ.เชียงราย,19.928346,99.859843,api,26.6,74,0,Clear,1,1
536,5/1/2025,21:00,บ้านปางหลวง,19.488732,99.588826,api,14.8,74,0,Clear,1,1
53,30/11/2025,21:00,ภูชี้ฟ้า,19.851383,100.453975,api,11.2,75,0,Clear,1,1
104,16/11/2025,21:00,ภูชี้เดือน,19.882131,100.500142,api,14.8,75,0,Clear,1,1
269,22/12/2024,21:00,ฮ่อมลมจอย,19.705495,99.760664,api,19.6,75,0,Overcast,1,1
369,16/11/2025,21:00,ดอยสะโง้,20.346547,99.98753,api,21.4,75,0,Mainly Clear,1,1
378,12/1/2025,21:00,ศรีค้ำ แม่จัน,20.220655,99.827766,api,14.3,75,0,Clear,1,1
379,19/1/2025,21:00,ศรีค้ำ แม่จัน,20.220655,99.827766,api,19.2,75,0,Clear,1,1
381,2/2/2025,21:00,ศรีค้ำ แม่จัน,20.220655,99.827766,api,19,75,0,Partly Cloudy,1,1
415,28/9/2025,21:00,ศรีค้ำ แม่จัน,20.220655,99.827766,api,26.3,75,0,Clear,1,1
475,16/11/2025,21:00,แก้วก๋างนา ฟาร์มสเตย์,20.364135,99.886741,api,21.5,75,0,Mainly Clear,1,1
482,29/12/2024,21:00,ศูนย์การเรียนรู้ อบจ.เชียงราย,19.928346,99.859843,api,20.9,75,0,Clear,1,1
583,30/11/2025,21:00,บ้านปางหลวง,19.488732,99.588826,api,13.1,75,0,Clear,1,1
157,16/11/2025,21:00,ภูชี้ดาว,19.869002,100.486419,api,17,76,0,Clear,1,1
218,5/1/2025,21:00,สวนแม่ฟ้าหลวง (ดอยตุง),20.32611,99.813845,api,11.7,76,0,Clear,1,1
220,19/1/2025,21:00,สวนแม่ฟ้าหลวง (ดอยตุง),20.32611,99.813845,api,13.9,76,0,Clear,1,1
234,27/4/2025,21:00,สวนแม่ฟ้าหลวง (ดอยตุง),20.32611,99.813845,api,20.1,76,0,Clear,1,1
328,2/2/2025,21:00,ดอยสะโง้,20.346547,99.98753,api,19.2,76,0,Partly Cloudy,1,1
366,26/10/2025,21:00,ดอยสะโง้,20.346547,99.98753,api,24.4,76,0,Clear,1,1
375,22/12/2024,21:00,ศรีค้ำ แม่จัน,20.220655,99.827766,api,19.5,76,0,Overcast,1,1
395,11/5/2025,21:00,ศรีค้ำ แม่จัน,20.220655,99.827766,api,25.5,76,0,Overcast,1,1
419,26/10/2025,21:00,ศรีค้ำ แม่จัน,20.220655,99.827766,api,23.7,76,0,Clear,1,1
434,2/2/2025,21:00,แก้วก๋างนา ฟาร์มสเตย์,20.364135,99.886741,api,19.3,76,0,Partly Cloudy,1,1
472,26/10/2025,21:00,แก้วก๋างนา ฟาร์มสเตย์,20.364135,99.886741,api,24.6,76,0,Clear,1,1
163,22/12/2024,21:00,หอดูดาวมหาวิทยาลัยราชภัฏเชียงราย,19.992071,99.844441,api,19.9,77,0,Overcast,1,0
166,12/1/2025,21:00,หอดูดาวมหาวิทยาลัยราชภัฏเชียงราย,19.992071,99.844441,api,14,77,0,Clear,1,1
365,19/10/2025,21:00,ดอยสะโง้,20.346547,99.98753,api,25.7,77,0,Clear,1,1
471,19/10/2025,21:00,แก้วก๋างนา ฟาร์มสเตย์,20.364135,99.886741,api,25.8,77,0,Clear,1,1
478,1/12/2024,21:00,ศูนย์การเรียนรู้ อบจ.เชียงราย,19.928346,99.859843,api,22.5,77,0,Mainly Clear,1,1
501,11/5/2025,21:00,ศูนย์การเรียนรู้ อบจ.เชียงราย,19.928346,99.859843,api,26,77,0,Partly Cloudy,1,1
552,27/4/2025,21:00,บ้านปางหลวง,19.488732,99.588826,api,21.3,77,0,Mainly Clear,1,1
553,4/5/2025,21:00,บ้านปางหลวง,19.488732,99.588826,api,21.7,77,0,Partly Cloudy,1,1
66,23/2/2025,21:00,ภูชี้เดือน,19.882131,100.500142,api,14.5,78,0.1,Light Drizzle,1,1
119,23/2/2025,21:00,ภูชี้ดาว,19.869002,100.486419,api,16.6,78,0.1,Light Drizzle,1,0
169,2/2/2025,21:00,หอดูดาวมหาวิทยาลัยราชภัฏเชียงราย,19.992071,99.844441,api,19.4,78,0,Mainly Clear,1,0
223,9/2/2025,21:00,สวนแม่ฟ้าหลวง (ดอยตุง),20.32611,99.813845,api,16.2,78,0,Clear,1,1
267,8/12/2024,21:00,ฮ่อมลมจอย,19.705495,99.760664,api,23.7,78,0,Mainly Clear,1,1
284,6/4/2025,21:00,ฮ่อมลมจอย,19.705495,99.760664,api,24.6,78,0,Overcast,1,0
326,19/1/2025,21:00,ดอยสะโง้,20.346547,99.98753,api,19.9,78,0,Clear,1,1
329,9/2/2025,21:00,ดอยสะโง้,20.346547,99.98753,api,21.9,78,0,Clear,1,1
335,23/3/2025,21:00,ดอยสะโง้,20.346547,99.98753,api,24.4,78,0,Partly Cloudy,1,0
394,4/5/2025,21:00,ศรีค้ำ แม่จัน,20.220655,99.827766,api,25.9,78,0,Clear,1,1
432,19/1/2025,21:00,แก้วก๋างนา ฟาร์มสเตย์,20.364135,99.886741,api,20.1,78,0,Clear,1,1
435,9/2/2025,21:00,แก้วก๋างนา ฟาร์มสเตย์,20.364135,99.886741,api,22.1,78,0,Clear,1,1
441,23/3/2025,21:00,แก้วก๋างนา ฟาร์มสเตย์,20.364135,99.886741,api,24.6,78,0,Partly Cloudy,1,0
496,6/4/2025,21:00,ศูนย์การเรียนรู้ อบจ.เชียงราย,19.928346,99.859843,api,24.2,78,0,Overcast,1,1
504,1/6/2025,21:00,ศูนย์การเรียนรู้ อบจ.เชียงราย,19.928346,99.859843,api,27,78,0,Overcast,1,0
528,16/11/2025,21:00,ศูนย์การเรียนรู้ อบจ.เชียงราย,19.928346,99.859843,api,21.5,78,0,Mainly Clear,1,1
13,23/2/2025,21:00,ภูชี้ฟ้า,19.851383,100.453975,api,15.2,79,0.3,Light Drizzle,1,0
44,28/9/2025,21:00,ภูชี้ฟ้า,19.851383,100.453975,api,19.9,79,0,Partly Cloudy,1,0
58,29/12/2024,21:00,ภูชี้เดือน,19.882131,100.500142,api,12.5,79,0,Clear,1,1
111,29/12/2024,21:00,ภูชี้ดาว,19.869002,100.486419,api,14.6,79,0,Clear,1,1
164,29/12/2024,21:00,หอดูดาวมหาวิทยาลัยราชภัฏเชียงราย,19.992071,99.844441,api,19.6,79,0,Clear,1,1
216,22/12/2024,21:00,สวนแม่ฟ้าหลวง (ดอยตุง),20.32611,99.813845,api,13.9,79,0,Overcast,1,0
229,23/3/2025,21:00,สวนแม่ฟ้าหลวง (ดอยตุง),20.32611,99.813845,api,18.4,79,0.3,Light Drizzle,1,1
263,16/11/2025,21:00,สวนแม่ฟ้าหลวง (ดอยตุง),20.32611,99.813845,api,14.9,79,0,Clear,1,1
270,29/12/2024,21:00,ฮ่อมลมจอย,19.705495,99.760664,api,19.7,79,0,Clear,1,1
278,23/2/2025,21:00,ฮ่อมลมจอย,19.705495,99.760664,api,21.9,79,0,Clear,1,1
311,12/10/2025,21:00,ฮ่อมลมจอย,19.705495,99.760664,api,26.4,79,0,Partly Cloudy,1,0
322,22/12/2024,21:00,ดอยสะโง้,20.346547,99.98753,api,20.2,79,0,Overcast,1,1
323,29/12/2024,21:00,ดอยสะโง้,20.346547,99.98753,api,20.4,79,0,Clear,1,1
407,3/8/2025,21:00,ศรีค้ำ แม่จัน,20.220655,99.827766,api,25.7,79,0,Overcast,1,1
428,22/12/2024,21:00,แก้วก๋างนา ฟาร์มสเตย์,20.364135,99.886741,api,20.3,79,0,Overcast,1,1
429,29/12/2024,21:00,แก้วก๋างนา ฟาร์มสเตย์,20.364135,99.886741,api,20.5,79,0,Clear,1,1
51,16/11/2025,21:00,ภูชี้ฟ้า,19.851383,100.453975,api,15,80,0,Clear,1,1
54,1/12/2024,21:00,ภูชี้เดือน,19.882131,100.500142,api,14.4,80,0,Clear,1,1
98,5/10/2025,21:00,ภูชี้เดือน,19.882131,100.500142,api,18,80,0,Overcast,1,0
101,26/10/2025,21:00,ภูชี้เดือน,19.882131,100.500142,api,15.5,80,0,Clear,1,1
106,30/11/2025,21:00,ภูชี้เดือน,19.882131,100.500142,api,9.4,80,0,Clear,1,1
154,26/10/2025,21:00,ภูชี้ดาว,19.869002,100.486419,api,17.6,80,0,Clear,1,1
210,16/11/2025,21:00,หอดูดาวมหาวิทยาลัยราชภัฏเชียงราย,19.992071,99.844441,api,20.3,80,0,Mainly Clear,1,0
301,3/8/2025,21:00,ฮ่อมลมจอย,19.705495,99.760664,api,27.4,80,0,Overcast,1,1
309,28/9/2025,21:00,ฮ่อมลมจอย,19.705495,99.760664,api,26,80,0,Clear,1,1
390,6/4/2025,21:00,ศรีค้ำ แม่จัน,20.220655,99.827766,api,23.5,80,0,Overcast,1,1
481,22/12/2024,21:00,ศูนย์การเรียนรู้ อบจ.เชียงราย,19.928346,99.859843,api,20,80,0,Overcast,1,0
484,12/1/2025,21:00,ศูนย์การเรียนรู้ อบจ.เชียงราย,19.928346,99.859843,api,15,80,0,Clear,1,1
506,15/6/2025,21:00,ศูนย์การเรียนรู้ อบจ.เชียงราย,19.928346,99.859843,api,27.3,80,0,Partly Cloudy,1,0
48,26/10/2025,21:00,ภูชี้ฟ้า,19.851383,100.453975,api,15.9,81,0,Clear,0,0
107,1/12/2024,21:00,ภูชี้ดาว,19.869002,100.486419,api,16.5,81,0,Clear,0,0
151,5/10/2025,21:00,ภูชี้ดาว,19.869002,100.486419,api,20.2,81,0,Overcast,0,0
159,30/11/2025,21:00,ภูชี้ดาว,19.869002,100.486419,api,11.5,81,0,Clear,0,1
205,12/10/2025,21:00,หอดูดาวมหาวิทยาลัยราชภัฏเชียงราย,19.992071,99.844441,api,24.8,81,0,Partly Cloudy,0,0
207,26/10/2025,21:00,หอดูดาวมหาวิทยาลัยราชภัฏเชียงราย,19.992071,99.844441,api,23,81,0,Clear,0,1
219,12/1/2025,21:00,สวนแม่ฟ้าหลวง (ดอยตุง),20.32611,99.813845,api,8.8,81,0,Clear,0,1
260,26/10/2025,21:00,สวนแม่ฟ้าหลวง (ดอยตุง),20.32611,99.813845,api,17.7,81,0,Clear,0,1
292,1/6/2025,21:00,ฮ่อมลมจอย,19.705495,99.760664,api,26.2,81,0,Overcast,0,0
388,23/3/2025,21:00,ศรีค้ำ แม่จัน,20.220655,99.827766,api,23,81,0,Clear,0,0
490,23/2/2025,21:00,ศูนย์การเรียนรู้ อบจ.เชียงราย,19.928346,99.859843,api,23.3,81,0,Mainly Clear,0,0
525,26/10/2025,21:00,ศูนย์การเรียนรู้ อบจ.เชียงราย,19.928346,99.859843,api,23.1,81,0,Clear,0,0
530,30/11/2025,21:00,ศูนย์การเรียนรู้ อบจ.เชียงราย,19.928346,99.859843,api,16.2,81,0,Clear,0,0
538,19/1/2025,21:00,บ้านปางหลวง,19.488732,99.588826,api,14.9,81,0,Clear,0,0
543,23/2/2025,21:00,บ้านปางหลวง,19.488732,99.588826,api,19.2,81,0,Clear,0,0
23,4/5/2025,21:00,ภูชี้ฟ้า,19.851383,100.453975,api,18.7,82,0,Overcast,0,0
57,22/12/2024,21:00,ภูชี้เดือน,19.882131,100.500142,api,11.7,82,0,Overcast,0,0
76,4/5/2025,21:00,ภูชี้เดือน,19.882131,100.500142,api,18.2,82,0,Overcast,0,0
78,18/5/2025,21:00,ภูชี้เดือน,19.882131,100.500142,api,17.9,82,0,Overcast,0,0
97,28/9/2025,21:00,ภูชี้เดือน,19.882131,100.500142,api,19.1,82,0,Mainly Clear,0,0
110,22/12/2024,21:00,ภูชี้ดาว,19.869002,100.486419,api,13.9,82,0,Overcast,0,0
129,4/5/2025,21:00,ภูชี้ดาว,19.869002,100.486419,api,20.4,82,0,Overcast,0,0
131,18/5/2025,21:00,ภูชี้ดาว,19.869002,100.486419,api,20.1,82,0,Overcast,0,0
150,28/9/2025,21:00,ภูชี้ดาว,19.869002,100.486419,api,21.2,82,0,Mainly Clear,0,0
178,6/4/2025,21:00,หอดูดาวมหาวิทยาลัยราชภัฏเชียงราย,19.992071,99.844441,api,23.7,82,0,Overcast,0,0
206,19/10/2025,21:00,หอดูดาวมหาวิทยาลัยราชภัฏเชียงราย,19.992071,99.844441,api,24.3,82,0,Mainly Clear,0,0
256,28/9/2025,21:00,สวนแม่ฟ้าหลวง (ดอยตุง),20.32611,99.813845,api,20.2,82,0,Clear,0,0
289,11/5/2025,21:00,ฮ่อมลมจอย,19.705495,99.760664,api,25.1,82,0,Mainly Clear,0,0
314,2/11/2025,21:00,ฮ่อมลมจอย,19.705495,99.760664,api,24.4,82,0,Overcast,0,0
342,11/5/2025,21:00,ดอยสะโง้,20.346547,99.98753,api,25.7,82,0,Mainly Clear,0,0
376,29/12/2024,21:00,ศรีค้ำ แม่จัน,20.220655,99.827766,api,19.7,82,0,Clear,0,1
448,11/5/2025,21:00,แก้วก๋างนา ฟาร์มสเตย์,20.364135,99.886741,api,25.8,82,0,Mainly Clear,0,0
555,18/5/2025,21:00,บ้านปางหลวง,19.488732,99.588826,api,21.6,82,0,Overcast,0,0
576,12/10/2025,21:00,บ้านปางหลวง,19.488732,99.588826,api,21.7,82,0,Partly Cloudy,0,0
5,29/12/2024,21:00,ภูชี้ฟ้า,19.851383,100.453975,api,12.8,83,0,Clear,0,1
55,8/12/2024,21:00,ภูชี้เดือน,19.882131,100.500142,api,15.9,83,0,Mainly Clear,0,0
75,27/4/2025,21:00,ภูชี้เดือน,19.882131,100.500142,api,18.4,83,0,Mainly Clear,0,0
108,8/12/2024,21:00,ภูชี้ดาว,19.869002,100.486419,api,18,83,0,Mainly Clear,0,0
212,30/11/2025,21:00,หอดูดาวมหาวิทยาลัยราชภัฏเชียงราย,19.992071,99.844441,api,15.7,83,0,Clear,0,0
288,4/5/2025,21:00,ฮ่อมลมจอย,19.705495,99.760664,api,25.5,83,0,Partly Cloudy,0,0
318,30/11/2025,21:00,ฮ่อมลมจอย,19.705495,99.760664,api,15.6,83,0,Clear,0,0
338,13/4/2025,21:00,ดอยสะโง้,20.346547,99.98753,api,22.8,83,0.1,Light Drizzle,0,0
364,12/10/2025,21:00,ดอยสะโง้,20.346547,99.98753,api,26.3,83,0,Clear,0,0
417,12/10/2025,21:00,ศรีค้ำ แม่จัน,20.220655,99.827766,api,24.6,83,0,Mainly Clear,0,0
444,13/4/2025,21:00,แก้วก๋างนา ฟาร์มสเตย์,20.364135,99.886741,api,22.9,83,0.1,Light Drizzle,0,0
470,12/10/2025,21:00,แก้วก๋างนา ฟาร์มสเตย์,20.364135,99.886741,api,26.4,83,0,Clear,0,0
511,20/7/2025,21:00,ศูนย์การเรียนรู้ อบจ.เชียงราย,19.928346,99.859843,api,26.6,83,0,Overcast,0,0
578,26/10/2025,21:00,บ้านปางหลวง,19.488732,99.588826,api,19.1,83,0,Clear,0,1
21,20/4/2025,21:00,ภูชี้ฟ้า,19.851383,100.453975,api,18,84,0,Clear,0,0
52,23/11/2025,21:00,ภูชี้ฟ้า,19.851383,100.453975,api,12.6,84,0,Clear,0,0
128,27/4/2025,21:00,ภูชี้ดาว,19.869002,100.486419,api,20.6,84,0,Mainly Clear,0,1
186,1/6/2025,21:00,หอดูดาวมหาวิทยาลัยราชภัฏเชียงราย,19.992071,99.844441,api,25.8,84,0,Overcast,0,0
341,4/5/2025,21:00,ดอยสะโง้,20.346547,99.98753,api,25.6,84,0,Clear,0,0
371,30/11/2025,21:00,ดอยสะโง้,20.346547,99.98753,api,16.2,84,0,Clear,0,1
447,4/5/2025,21:00,แก้วก๋างนา ฟาร์มสเตย์,20.364135,99.886741,api,25.8,84,0,Clear,0,0
477,30/11/2025,21:00,แก้วก๋างนา ฟาร์มสเตย์,20.364135,99.886741,api,16.3,84,0,Clear,0,0
479,8/12/2024,21:00,ศูนย์การเรียนรู้ อบจ.เชียงราย,19.928346,99.859843,api,23.7,84,0,Clear,0,0
513,3/8/2025,21:00,ศูนย์การเรียนรู้ อบจ.เชียงราย,19.928346,99.859843,api,27.1,84,0,Overcast,0,0
529,23/11/2025,21:00,ศูนย์การเรียนรู้ อบจ.เชียงราย,19.928346,99.859843,api,19.2,84,0,Clear,0,0
25,18/5/2025,21:00,ภูชี้ฟ้า,19.851383,100.453975,api,18.6,85,1.1,Heavy Drizzle,0,0
82,15/6/2025,21:00,ภูชี้เดือน,19.882131,100.500142,api,18.5,85,0,Mainly Clear,0,0
87,20/7/2025,21:00,ภูชี้เดือน,19.882131,100.500142,api,17.7,85,0,Overcast,0,0
140,20/7/2025,21:00,ภูชี้ดาว,19.869002,100.486419,api,19.9,85,0,Overcast,0,0
225,23/2/2025,21:00,สวนแม่ฟ้าหลวง (ดอยตุง),20.32611,99.813845,api,17.1,85,0.1,Light Drizzle,0,0
266,1/12/2024,21:00,ฮ่อมลมจอย,19.705495,99.760664,api,21.7,85,0,Partly Cloudy,0,0
313,26/10/2025,21:00,ฮ่อมลมจอย,19.705495,99.760664,api,23.1,85,0,Clear,0,0
331,23/2/2025,21:00,ดอยสะโง้,20.346547,99.98753,api,22,85,0,Mainly Clear,0,0
362,28/9/2025,21:00,ดอยสะโง้,20.346547,99.98753,api,26,85,0,Clear,0,0
437,23/2/2025,21:00,แก้วก๋างนา ฟาร์มสเตย์,20.364135,99.886741,api,22.2,85,0,Mainly Clear,0,0
468,28/9/2025,21:00,แก้วก๋างนา ฟาร์มสเตย์,20.364135,99.886741,api,26.2,85,0,Clear,0,1
523,12/10/2025,21:00,ศูนย์การเรียนรู้ อบจ.เชียงราย,19.928346,99.859843,api,26.1,85,0,Partly Cloudy,0,0
534,22/12/2024,21:00,บ้านปางหลวง,19.488732,99.588826,api,15.4,85,0,Mainly Clear,0,0
582,23/11/2025,21:00,บ้านปางหลวง,19.488732,99.588826,api,15.2,85,0,Clear,0,0
2,8/12/2024,21:00,ภูชี้ฟ้า,19.851383,100.453975,api,16.2,86,0,Mainly Clear,0,0
45,5/10/2025,21:00,ภูชี้ฟ้า,19.851383,100.453975,api,18.6,86,0,Overcast,0,0
81,8/6/2025,21:00,ภูชี้เดือน,19.882131,100.500142,api,19.6,86,0,Overcast,0,0
102,2/11/2025,21:00,ภูชี้เดือน,19.882131,100.500142,api,16.4,86,0,Overcast,0,0
135,15/6/2025,21:00,ภูชี้ดาว,19.869002,100.486419,api,20.7,86,0,Mainly Clear,0,0
155,2/11/2025,21:00,ภูชี้ดาว,19.869002,100.486419,api,18.6,86,0,Overcast,0,0
160,1/12/2024,21:00,หอดูดาวมหาวิทยาลัยราชภัฏเชียงราย,19.992071,99.844441,api,20.7,86,0,Clear,0,0
182,4/5/2025,21:00,หอดูดาวมหาวิทยาลัยราชภัฏเชียงราย,19.992071,99.844441,api,25.1,86,0,Clear,0,0
184,18/5/2025,21:00,หอดูดาวมหาวิทยาลัยราชภัฏเชียงราย,19.992071,99.844441,api,25.2,86,0,Overcast,0,0
195,3/8/2025,21:00,หอดูดาวมหาวิทยาลัยราชภัฏเชียงราย,19.992071,99.844441,api,25.4,86,0,Overcast,0,0
217,29/12/2024,21:00,สวนแม่ฟ้าหลวง (ดอยตุง),20.32611,99.813845,api,13.5,86,0,Clear,0,0
235,4/5/2025,21:00,สวนแม่ฟ้าหลวง (ดอยตุง),20.32611,99.813845,api,19.7,86,0,Clear,0,0
237,18/5/2025,21:00,สวนแม่ฟ้าหลวง (ดอยตุง),20.32611,99.813845,api,20.5,86,0.5,Drizzle,0,0
294,15/6/2025,21:00,ฮ่อมลมจอย,19.705495,99.760664,api,25.8,86,0,Overcast,0,0
317,23/11/2025,21:00,ฮ่อมลมจอย,19.705495,99.760664,api,18.5,86,0,Clear,0,0
337,6/4/2025,21:00,ดอยสะโง้,20.346547,99.98753,api,23.6,86,0,Overcast,0,0
372,1/12/2024,21:00,ศรีค้ำ แม่จัน,20.220655,99.827766,api,21.1,86,0,Clear,0,1
396,18/5/2025,21:00,ศรีค้ำ แม่จัน,20.220655,99.827766,api,25.9,86,0,Overcast,0,0
443,6/4/2025,21:00,แก้วก๋างนา ฟาร์มสเตย์,20.364135,99.886741,api,23.7,86,0,Overcast,0,0
502,18/5/2025,21:00,ศูนย์การเรียนรู้ อบจ.เชียงราย,19.928346,99.859843,api,26.1,86,0,Overcast,0,0
521,28/9/2025,21:00,ศูนย์การเรียนรู้ อบจ.เชียงราย,19.928346,99.859843,api,25.7,86,0,Mainly Clear,0,0
566,3/8/2025,21:00,บ้านปางหลวง,19.488732,99.588826,api,23.5,86,0,Overcast,0,0
34,20/7/2025,21:00,ภูชี้ฟ้า,19.851383,100.453975,api,18.3,87,0,Overcast,0,0
42,14/9/2025,21:00,ภูชี้ฟ้า,19.851383,100.453975,api,17.8,87,0,Partly Cloudy,0,0
95,14/9/2025,21:00,ภูชี้เดือน,19.882131,100.500142,api,17.4,87,0,Partly Cloudy,0,0
99,12/10/2025,21:00,ภูชี้เดือน,19.882131,100.500142,api,18.2,87,0,Overcast,0,0
134,8/6/2025,21:00,ภูชี้ดาว,19.869002,100.486419,api,21.8,87,0,Overcast,0,0
148,14/9/2025,21:00,ภูชี้ดาว,19.869002,100.486419,api,19.6,87,0,Partly Cloudy,0,0
152,12/10/2025,21:00,ภูชี้ดาว,19.869002,100.486419,api,20.4,87,0,Overcast,0,0
203,28/9/2025,21:00,หอดูดาวมหาวิทยาลัยราชภัฏเชียงราย,19.992071,99.844441,api,24.7,87,0,Clear,0,1
296,29/6/2025,21:00,ฮ่อมลมจอย,19.705495,99.760664,api,25.6,87,0,Overcast,0,0
370,23/11/2025,21:00,ดอยสะโง้,20.346547,99.98753,api,18.2,87,0,Clear,0,0
476,23/11/2025,21:00,แก้วก๋างนา ฟาร์มสเตย์,20.364135,99.886741,api,18.3,87,0,Clear,0,0
531,1/12/2024,21:00,บ้านปางหลวง,19.488732,99.588826,api,17.9,87,0,Mainly Clear,0,0
563,13/7/2025,21:00,บ้านปางหลวง,19.488732,99.588826,api,21.4,87,0,Overcast,0,0
22,27/4/2025,21:00,ภูชี้ฟ้า,19.851383,100.453975,api,17.8,88,0,Mainly Clear,0,0
96,21/9/2025,21:00,ภูชี้เดือน,19.882131,100.500142,api,17.6,88,0.1,Light Drizzle,0,0
105,23/11/2025,21:00,ภูชี้เดือน,19.882131,100.500142,api,11.2,88,0,Clear,0,0
158,23/11/2025,21:00,ภูชี้ดาว,19.869002,100.486419,api,13.3,88,0,Clear,0,0
172,23/2/2025,21:00,หอดูดาวมหาวิทยาลัยราชภัฏเชียงราย,19.992071,99.844441,api,21.7,88,0,Mainly Clear,0,0
183,11/5/2025,21:00,หอดูดาวมหาวิทยาลัยราชภัฏเชียงราย,19.992071,99.844441,api,25,88,0,Partly Cloudy,0,0
188,15/6/2025,21:00,หอดูดาวมหาวิทยาลัยราชภัฏเชียงราย,19.992071,99.844441,api,26,88,0,Overcast,0,0
232,13/4/2025,21:00,สวนแม่ฟ้าหลวง (ดอยตุง),20.32611,99.813845,api,16.2,88,0.1,Light Drizzle,0,0
236,11/5/2025,21:00,สวนแม่ฟ้าหลวง (ดอยตุง),20.32611,99.813845,api,18.8,88,0,Partly Cloudy,0,0
252,31/8/2025,21:00,สวนแม่ฟ้าหลวง (ดอยตุง),20.32611,99.813845,api,19.3,88,0.5,Drizzle,0,0
299,20/7/2025,21:00,ฮ่อมลมจอย,19.705495,99.760664,api,25.9,88,0,Overcast,0,0
312,19/10/2025,21:00,ฮ่อมลมจอย,19.705495,99.760664,api,24.3,88,0,Mainly Clear,0,0
354,3/8/2025,21:00,ดอยสะโง้,20.346547,99.98753,api,26.7,88,0,Overcast,0,0
355,10/8/2025,21:00,ดอยสะโง้,20.346547,99.98753,api,27.2,88,0,Overcast,0,0
391,13/4/2025,21:00,ศรีค้ำ แม่จัน,20.220655,99.827766,api,22.3,88,0.1,Light Drizzle,0,0
411,31/8/2025,21:00,ศรีค้ำ แม่จัน,20.220655,99.827766,api,24.8,88,0,Overcast,0,0
460,3/8/2025,21:00,แก้วก๋างนา ฟาร์มสเตย์,20.364135,99.886741,api,26.8,88,0,Overcast,0,0
461,10/8/2025,21:00,แก้วก๋างนา ฟาร์มสเตย์,20.364135,99.886741,api,27.4,88,0,Overcast,0,0
524,19/10/2025,21:00,ศูนย์การเรียนรู้ อบจ.เชียงราย,19.928346,99.859843,api,24.6,88,0,Mainly Clear,0,0
549,6/4/2025,21:00,บ้านปางหลวง,19.488732,99.588826,api,20.6,88,0,Partly Cloudy,0,0
557,1/6/2025,21:00,บ้านปางหลวง,19.488732,99.588826,api,22.1,88,0,Overcast,0,0
36,3/8/2025,21:00,ภูชี้ฟ้า,19.851383,100.453975,api,19.2,89,0,Overcast,0,0
46,12/10/2025,21:00,ภูชี้ฟ้า,19.851383,100.453975,api,18.3,89,0,Overcast,0,0
74,20/4/2025,21:00,ภูชี้เดือน,19.882131,100.500142,api,17.2,89,0,Clear,0,0
77,11/5/2025,21:00,ภูชี้เดือน,19.882131,100.500142,api,16.2,89,0,Overcast,0,0
93,31/8/2025,21:00,ภูชี้เดือน,19.882131,100.500142,api,17.4,89,0,Overcast,0,0
127,20/4/2025,21:00,ภูชี้ดาว,19.869002,100.486419,api,19.3,89,0,Clear,0,0
130,11/5/2025,21:00,ภูชี้ดาว,19.869002,100.486419,api,18.4,89,0,Overcast,0,0
146,31/8/2025,21:00,ภูชี้ดาว,19.869002,100.486419,api,19.6,89,0,Overcast,0,0
149,21/9/2025,21:00,ภูชี้ดาว,19.869002,100.486419,api,19.8,89,0.1,Light Drizzle,0,0
174,9/3/2025,21:00,หอดูดาวมหาวิทยาลัยราชภัฏเชียงราย,19.992071,99.844441,api,21.3,89,0,Clear,0,0
211,23/11/2025,21:00,หอดูดาวมหาวิทยาลัยราชภัฏเชียงราย,19.992071,99.844441,api,17.9,89,0,Clear,0,0
248,3/8/2025,21:00,สวนแม่ฟ้าหลวง (ดอยตุง),20.32611,99.813845,api,20.6,89,0,Overcast,0,0
280,9/3/2025,21:00,ฮ่อมลมจอย,19.705495,99.760664,api,22.3,89,0,Clear,0,0
310,5/10/2025,21:00,ฮ่อมลมจอย,19.705495,99.760664,api,25.6,89,0,Overcast,0,0
352,20/7/2025,21:00,ดอยสะโง้,20.346547,99.98753,api,26.6,89,0,Overcast,0,0
358,31/8/2025,21:00,ดอยสะโง้,20.346547,99.98753,api,24.6,89,0,Overcast,0,0
458,20/7/2025,21:00,แก้วก๋างนา ฟาร์มสเตย์,20.364135,99.886741,api,26.8,89,0,Overcast,0,0
464,31/8/2025,21:00,แก้วก๋างนา ฟาร์มสเตย์,20.364135,99.886741,api,24.7,89,0,Overcast,0,0
492,9/3/2025,21:00,ศูนย์การเรียนรู้ อบจ.เชียงราย,19.928346,99.859843,api,22.1,89,0,Clear,0,0
505,8/6/2025,21:00,ศูนย์การเรียนรู้ อบจ.เชียงราย,19.928346,99.859843,api,27.1,89,0,Overcast,0,0
522,5/10/2025,21:00,ศูนย์การเรียนรู้ อบจ.เชียงราย,19.928346,99.859843,api,24.4,89,5.2,Rain,0,0
535,29/12/2024,21:00,บ้านปางหลวง,19.488732,99.588826,api,15.4,89,0,Clear,0,1
567,10/8/2025,21:00,บ้านปางหลวง,19.488732,99.588826,api,22,89,0,Overcast,0,0
4,22/12/2024,21:00,ภูชี้ฟ้า,19.851383,100.453975,api,11.8,90,0,Overcast,0,0
31,29/6/2025,21:00,ภูชี้ฟ้า,19.851383,100.453975,api,18.3,90,0,Overcast,0,0
37,10/8/2025,21:00,ภูชี้ฟ้า,19.851383,100.453975,api,19.3,90,0,Overcast,0,0
49,2/11/2025,21:00,ภูชี้ฟ้า,19.851383,100.453975,api,16.8,90,0,Overcast,0,0
89,3/8/2025,21:00,ภูชี้เดือน,19.882131,100.500142,api,18.4,90,0,Overcast,0,0
90,10/8/2025,21:00,ภูชี้เดือน,19.882131,100.500142,api,18.3,90,0,Overcast,0,0
142,3/8/2025,21:00,ภูชี้ดาว,19.869002,100.486419,api,20.6,90,0,Overcast,0,0
143,10/8/2025,21:00,ภูชี้ดาว,19.869002,100.486419,api,20.5,90,0,Overcast,0,0
227,9/3/2025,21:00,สวนแม่ฟ้าหลวง (ดอยตุง),20.32611,99.813845,api,16.2,90,0,Clear,0,0
239,1/6/2025,21:00,สวนแม่ฟ้าหลวง (ดอยตุง),20.32611,99.813845,api,19.8,90,0,Overcast,0,0
265,30/11/2025,21:00,สวนแม่ฟ้าหลวง (ดอยตุง),20.32611,99.813845,api,10,90,0,Clear,0,0
268,15/12/2024,21:00,ฮ่อมลมจอย,19.705495,99.760664,api,17.5,90,0.1,Light Drizzle,0,0
290,18/5/2025,21:00,ฮ่อมลมจอย,19.705495,99.760664,api,25.3,90,0,Overcast,0,0
345,1/6/2025,21:00,ดอยสะโง้,20.346547,99.98753,api,26.4,90,0,Partly Cloudy,0,0
351,13/7/2025,21:00,ดอยสะโง้,20.346547,99.98753,api,26.2,90,0,Overcast,0,0
374,15/12/2024,21:00,ศรีค้ำ แม่จัน,20.220655,99.827766,api,16.9,90,0.1,Light Drizzle,0,0
398,1/6/2025,21:00,ศรีค้ำ แม่จัน,20.220655,99.827766,api,25.4,90,0,Partly Cloudy,0,0
451,1/6/2025,21:00,แก้วก๋างนา ฟาร์มสเตย์,20.364135,99.886741,api,26.5,90,0,Partly Cloudy,0,0
457,13/7/2025,21:00,แก้วก๋างนา ฟาร์มสเตย์,20.364135,99.886741,api,26.3,90,0,Overcast,0,0
519,14/9/2025,21:00,ศูนย์การเรียนรู้ อบจ.เชียงราย,19.928346,99.859843,api,25.7,90,0,Overcast,0,0
532,8/12/2024,21:00,บ้านปางหลวง,19.488732,99.588826,api,18.7,90,0,Clear,0,0
19,6/4/2025,21:00,ภูชี้ฟ้า,19.851383,100.453975,api,16.6,91,0,Overcast,0,0
24,11/5/2025,21:00,ภูชี้ฟ้า,19.851383,100.453975,api,16.8,91,0,Partly Cloudy,0,0
29,15/6/2025,21:00,ภูชี้ฟ้า,19.851383,100.453975,api,18.6,91,0,Partly Cloudy,0,0
43,21/9/2025,21:00,ภูชี้ฟ้า,19.851383,100.453975,api,17.8,91,0.3,Light Drizzle,0,0
161,8/12/2024,21:00,หอดูดาวมหาวิทยาลัยราชภัฏเชียงราย,19.992071,99.844441,api,21.6,91,0,Clear,0,0
187,8/6/2025,21:00,หอดูดาวมหาวิทยาลัยราชภัฏเชียงราย,19.992071,99.844441,api,26.4,91,0,Overcast,0,0
193,20/7/2025,21:00,หอดูดาวมหาวิทยาลัยราชภัฏเชียงราย,19.992071,99.844441,api,25.7,91,0,Overcast,0,0
196,10/8/2025,21:00,หอดูดาวมหาวิทยาลัยราชภัฏเชียงราย,19.992071,99.844441,api,25.8,91,0.3,Light Drizzle,0,0
213,1/12/2024,21:00,สวนแม่ฟ้าหลวง (ดอยตุง),20.32611,99.813845,api,15.1,91,0,Clear,0,0
231,6/4/2025,21:00,สวนแม่ฟ้าหลวง (ดอยตุง),20.32611,99.813845,api,17.6,91,0,Overcast,0,0
246,20/7/2025,21:00,สวนแม่ฟ้าหลวง (ดอยตุง),20.32611,99.813845,api,20.2,91,0,Overcast,0,0
249,10/8/2025,21:00,สวนแม่ฟ้าหลวง (ดอยตุง),20.32611,99.813845,api,20.6,91,0,Overcast,0,0
262,9/11/2025,21:00,สวนแม่ฟ้าหลวง (ดอยตุง),20.32611,99.813845,api,17.5,91,2.3,Light Rain,0,0
264,23/11/2025,21:00,สวนแม่ฟ้าหลวง (ดอยตุง),20.32611,99.813845,api,11.6,91,0,Clear,0,0
293,8/6/2025,21:00,ฮ่อมลมจอย,19.705495,99.760664,api,26.4,91,0,Overcast,0,0
303,17/8/2025,21:00,ฮ่อมลมจอย,19.705495,99.760664,api,24.6,91,0,Overcast,0,0
321,15/12/2024,21:00,ดอยสะโง้,20.346547,99.98753,api,18,91,0,Partly Cloudy,0,0
333,9/3/2025,21:00,ดอยสะโง้,20.346547,99.98753,api,21.8,91,0,Clear,0,0
346,8/6/2025,21:00,ดอยสะโง้,20.346547,99.98753,api,27.1,91,0,Overcast,0,0
361,21/9/2025,21:00,ดอยสะโง้,20.346547,99.98753,api,25.1,91,0,Partly Cloudy,0,0
384,23/2/2025,21:00,ศรีค้ำ แม่จัน,20.220655,99.827766,api,21.2,91,0,Mainly Clear,0,0
423,23/11/2025,21:00,ศรีค้ำ แม่จัน,20.220655,99.827766,api,17.1,91,0,Clear,0,0
424,30/11/2025,21:00,ศรีค้ำ แม่จัน,20.220655,99.827766,api,15.4,91,0,Clear,0,0
427,15/12/2024,21:00,แก้วก๋างนา ฟาร์มสเตย์,20.364135,99.886741,api,18.2,91,0,Partly Cloudy,0,0
439,9/3/2025,21:00,แก้วก๋างนา ฟาร์มสเตย์,20.364135,99.886741,api,22,91,0,Clear,0,0
452,8/6/2025,21:00,แก้วก๋างนา ฟาร์มสเตย์,20.364135,99.886741,api,27.2,91,0,Overcast,0,0
467,21/9/2025,21:00,แก้วก๋างนา ฟาร์มสเตย์,20.364135,99.886741,api,25.3,91,0,Partly Cloudy,0,0
480,15/12/2024,21:00,ศูนย์การเรียนรู้ อบจ.เชียงราย,19.928346,99.859843,api,17.8,91,0.2,Light Drizzle,0,0
515,17/8/2025,21:00,ศูนย์การเรียนรู้ อบจ.เชียงราย,19.928346,99.859843,api,25.2,91,1.8,Light Rain,0,0
575,5/10/2025,21:00,บ้านปางหลวง,19.488732,99.588826,api,21.1,91,0,Overcast,0,0
27,1/6/2025,21:00,ภูชี้ฟ้า,19.851383,100.453975,api,18.8,92,0,Partly Cloudy,0,0
79,25/5/2025,21:00,ภูชี้เดือน,19.882131,100.500142,api,17.2,92,0,Overcast,0,0
80,1/6/2025,21:00,ภูชี้เดือน,19.882131,100.500142,api,18,92,0,Partly Cloudy,0,0
132,25/5/2025,21:00,ภูชี้ดาว,19.869002,100.486419,api,19.3,92,0,Overcast,0,0
133,1/6/2025,21:00,ภูชี้ดาว,19.869002,100.486419,api,20.2,92,0,Partly Cloudy,0,0
208,2/11/2025,21:00,หอดูดาวมหาวิทยาลัยราชภัฏเชียงราย,19.992071,99.844441,api,23.5,92,0,Overcast,0,0
261,2/11/2025,21:00,สวนแม่ฟ้าหลวง (ดอยตุง),20.32611,99.813845,api,17.7,92,0.1,Light Drizzle,0,0
344,25/5/2025,21:00,ดอยสะโง้,20.346547,99.98753,api,23.7,92,3.4,Rain,0,0
356,17/8/2025,21:00,ดอยสะโง้,20.346547,99.98753,api,24.1,92,0,Overcast,0,0
368,9/11/2025,21:00,ดอยสะโง้,20.346547,99.98753,api,23.9,92,0.3,Light Drizzle,0,0
450,25/5/2025,21:00,แก้วก๋างนา ฟาร์มสเตย์,20.364135,99.886741,api,23.8,92,3.4,Rain,0,0
462,17/8/2025,21:00,แก้วก๋างนา ฟาร์มสเตย์,20.364135,99.886741,api,24.3,92,0,Overcast,0,0
474,9/11/2025,21:00,แก้วก๋างนา ฟาร์มสเตย์,20.364135,99.886741,api,24.1,92,0.3,Light Drizzle,0,0
497,13/4/2025,21:00,ศูนย์การเรียนรู้ อบจ.เชียงราย,19.928346,99.859843,api,22.6,92,0.1,Light Drizzle,0,0
514,10/8/2025,21:00,ศูนย์การเรียนรู้ อบจ.เชียงราย,19.928346,99.859843,api,26.4,92,0,Overcast,0,0
516,24/8/2025,21:00,ศูนย์การเรียนรู้ อบจ.เชียงราย,19.928346,99.859843,api,25.3,92,0,Partly Cloudy,0,0
526,2/11/2025,21:00,ศูนย์การเรียนรู้ อบจ.เชียงราย,19.928346,99.859843,api,24.3,92,0,Overcast,0,0
533,15/12/2024,21:00,บ้านปางหลวง,19.488732,99.588826,api,13.9,92,0.1,Light Drizzle,0,0
571,7/9/2025,21:00,บ้านปางหลวง,19.488732,99.588826,api,20.6,92,0,Overcast,0,0
573,21/9/2025,21:00,บ้านปางหลวง,19.488732,99.588826,api,20,92,0,Overcast,0,0
40,31/8/2025,21:00,ภูชี้ฟ้า,19.851383,100.453975,api,17.7,93,0,Overcast,0,0
72,6/4/2025,21:00,ภูชี้เดือน,19.882131,100.500142,api,15.6,93,0,Overcast,0,0
94,7/9/2025,21:00,ภูชี้เดือน,19.882131,100.500142,api,17.4,93,0,Overcast,0,0
147,7/9/2025,21:00,ภูชี้ดาว,19.869002,100.486419,api,19.5,93,0,Overcast,0,0
162,15/12/2024,21:00,หอดูดาวมหาวิทยาลัยราชภัฏเชียงราย,19.992071,99.844441,api,16.8,93,0.1,Light Drizzle,0,0
209,9/11/2025,21:00,หอดูดาวมหาวิทยาลัยราชภัฏเชียงราย,19.992071,99.844441,api,22.9,93,0,Partly Cloudy,0,0
306,7/9/2025,21:00,ฮ่อมลมจอย,19.705495,99.760664,api,24.7,93,0,Overcast,0,0
357,24/8/2025,21:00,ดอยสะโง้,20.346547,99.98753,api,25.4,93,0,Overcast,0,0
399,8/6/2025,21:00,ศรีค้ำ แม่จัน,20.220655,99.827766,api,26.5,93,0,Overcast,0,0
403,6/7/2025,21:00,ศรีค้ำ แม่จัน,20.220655,99.827766,api,24,93,1.2,Heavy Drizzle,0,0
463,24/8/2025,21:00,แก้วก๋างนา ฟาร์มสเตย์,20.364135,99.886741,api,25.5,93,0,Overcast,0,0
507,22/6/2025,21:00,ศูนย์การเรียนรู้ อบจ.เชียงราย,19.928346,99.859843,api,25.3,93,0,Overcast,0,0
508,29/6/2025,21:00,ศูนย์การเรียนรู้ อบจ.เชียงราย,19.928346,99.859843,api,25.8,93,0,Overcast,0,0
520,21/9/2025,21:00,ศูนย์การเรียนรู้ อบจ.เชียงราย,19.928346,99.859843,api,25.1,93,0.2,Light Drizzle,0,0
558,8/6/2025,21:00,บ้านปางหลวง,19.488732,99.588826,api,22.9,93,0,Overcast,0,0
564,20/7/2025,21:00,บ้านปางหลวง,19.488732,99.588826,api,21.2,93,0,Overcast,0,0
572,14/9/2025,21:00,บ้านปางหลวง,19.488732,99.588826,api,20.3,93,0,Overcast,0,0
26,25/5/2025,21:00,ภูชี้ฟ้า,19.851383,100.453975,api,17.5,94,0,Overcast,0,0
84,29/6/2025,21:00,ภูชี้เดือน,19.882131,100.500142,api,17.2,94,0,Overcast,0,0
100,19/10/2025,21:00,ภูชี้เดือน,19.882131,100.500142,api,15.7,94,0,Clear,0,0
125,6/4/2025,21:00,ภูชี้ดาว,19.869002,100.486419,api,17.8,94,0,Overcast,0,0
137,29/6/2025,21:00,ภูชี้ดาว,19.869002,100.486419,api,19.3,94,0,Overcast,0,0
153,19/10/2025,21:00,ภูชี้ดาว,19.869002,100.486419,api,17.9,94,0,Clear,0,0
197,17/8/2025,21:00,หอดูดาวมหาวิทยาลัยราชภัฏเชียงราย,19.992071,99.844441,api,24.2,94,0,Overcast,0,0
202,21/9/2025,21:00,หอดูดาวมหาวิทยาลัยราชภัฏเชียงราย,19.992071,99.844441,api,24.6,94,0,Overcast,0,0
204,5/10/2025,21:00,หอดูดาวมหาวิทยาลัยราชภัฏเชียงราย,19.992071,99.844441,api,23.9,94,1.1,Heavy Drizzle,0,0
255,21/9/2025,21:00,สวนแม่ฟ้าหลวง (ดอยตุง),20.32611,99.813845,api,18.7,94,0,Partly Cloudy,0,0
258,12/10/2025,21:00,สวนแม่ฟ้าหลวง (ดอยตุง),20.32611,99.813845,api,19.1,94,0,Mainly Clear,0,0
302,10/8/2025,21:00,ฮ่อมลมจอย,19.705495,99.760664,api,26,94,0.1,Light Drizzle,0,0
307,14/9/2025,21:00,ฮ่อมลมจอย,19.705495,99.760664,api,24.6,94,0,Overcast,0,0
319,1/12/2024,21:00,ดอยสะโง้,20.346547,99.98753,api,20.5,94,0,Clear,0,0
349,29/6/2025,21:00,ดอยสะโง้,20.346547,99.98753,api,25.3,94,0,Overcast,0,0
360,14/9/2025,21:00,ดอยสะโง้,20.346547,99.98753,api,24.5,94,0,Overcast,0,0
386,9/3/2025,21:00,ศรีค้ำ แม่จัน,20.220655,99.827766,api,21.8,94,0,Clear,0,0
400,15/6/2025,21:00,ศรีค้ำ แม่จัน,20.220655,99.827766,api,25.4,94,1,Heavy Drizzle,0,0
404,13/7/2025,21:00,ศรีค้ำ แม่จัน,20.220655,99.827766,api,25.2,94,0,Overcast,0,0
405,20/7/2025,21:00,ศรีค้ำ แม่จัน,20.220655,99.827766,api,25.5,94,0,Overcast,0,0
408,10/8/2025,21:00,ศรีค้ำ แม่จัน,20.220655,99.827766,api,26,94,0,Overcast,0,0
414,21/9/2025,21:00,ศรีค้ำ แม่จัน,20.220655,99.827766,api,24.4,94,0,Overcast,0,0
425,1/12/2024,21:00,แก้วก๋างนา ฟาร์มสเตย์,20.364135,99.886741,api,20.7,94,0,Clear,0,0
455,29/6/2025,21:00,แก้วก๋างนา ฟาร์มสเตย์,20.364135,99.886741,api,25.4,94,0,Overcast,0,0
466,14/9/2025,21:00,แก้วก๋างนา ฟาร์มสเตย์,20.364135,99.886741,api,24.6,94,0,Overcast,0,0
503,25/5/2025,21:00,ศูนย์การเรียนรู้ อบจ.เชียงราย,19.928346,99.859843,api,24.6,94,0.3,Light Drizzle,0,0
518,7/9/2025,21:00,ศูนย์การเรียนรู้ อบจ.เชียงราย,19.928346,99.859843,api,25,94,0,Overcast,0,0
554,11/5/2025,21:00,บ้านปางหลวง,19.488732,99.588826,api,20.6,94,0,Overcast,0,0
569,24/8/2025,21:00,บ้านปางหลวง,19.488732,99.588826,api,20.5,94,0,Overcast,0,0
32,6/7/2025,21:00,ภูชี้ฟ้า,19.851383,100.453975,api,17.1,95,0,Overcast,0,0
86,13/7/2025,21:00,ภูชี้เดือน,19.882131,100.500142,api,17.9,95,0,Overcast,0,0
139,13/7/2025,21:00,ภูชี้ดาว,19.869002,100.486419,api,20,95,0,Overcast,0,0
190,29/6/2025,21:00,หอดูดาวมหาวิทยาลัยราชภัฏเชียงราย,19.992071,99.844441,api,24.6,95,0.1,Light Drizzle,0,0
198,24/8/2025,21:00,หอดูดาวมหาวิทยาลัยราชภัฏเชียงราย,19.992071,99.844441,api,24.4,95,0,Partly Cloudy,0,0
201,14/9/2025,21:00,หอดูดาวมหาวิทยาลัยราชภัฏเชียงราย,19.992071,99.844441,api,24.1,95,0,Overcast,0,0
214,8/12/2024,21:00,สวนแม่ฟ้าหลวง (ดอยตุง),20.32611,99.813845,api,15.7,95,0,Clear,0,0
240,8/6/2025,21:00,สวนแม่ฟ้าหลวง (ดอยตุง),20.32611,99.813845,api,20.8,95,0,Overcast,0,0
410,24/8/2025,21:00,ศรีค้ำ แม่จัน,20.220655,99.827766,api,24.2,95,0,Partly Cloudy,0,0
412,7/9/2025,21:00,ศรีค้ำ แม่จัน,20.220655,99.827766,api,24.5,95,0,Overcast,0,0
420,2/11/2025,21:00,ศรีค้ำ แม่จัน,20.220655,99.827766,api,23.1,95,0,Overcast,0,0
421,9/11/2025,21:00,ศรีค้ำ แม่จัน,20.220655,99.827766,api,23.1,95,0,Mainly Clear,0,0
510,13/7/2025,21:00,ศูนย์การเรียนรู้ อบจ.เชียงราย,19.928346,99.859843,api,25.4,95,0,Overcast,0,0
527,9/11/2025,21:00,ศูนย์การเรียนรู้ อบจ.เชียงราย,19.928346,99.859843,api,23.4,95,0,Partly Cloudy,0,0
561,29/6/2025,21:00,บ้านปางหลวง,19.488732,99.588826,api,21,95,0,Overcast,0,0
85,6/7/2025,21:00,ภูชี้เดือน,19.882131,100.500142,api,16.6,96,0,Overcast,0,0
138,6/7/2025,21:00,ภูชี้ดาว,19.869002,100.486419,api,18.8,96,0,Overcast,0,0
179,13/4/2025,21:00,หอดูดาวมหาวิทยาลัยราชภัฏเชียงราย,19.992071,99.844441,api,22.1,96,0.2,Light Drizzle,0,0
189,22/6/2025,21:00,หอดูดาวมหาวิทยาลัยราชภัฏเชียงราย,19.992071,99.844441,api,24.2,96,0,Overcast,0,0
191,6/7/2025,21:00,หอดูดาวมหาวิทยาลัยราชภัฏเชียงราย,19.992071,99.844441,api,23.6,96,7.1,Rain,0,0
200,7/9/2025,21:00,หอดูดาวมหาวิทยาลัยราชภัฏเชียงราย,19.992071,99.844441,api,24.2,96,0,Overcast,0,0
251,24/8/2025,21:00,สวนแม่ฟ้าหลวง (ดอยตุง),20.32611,99.813845,api,18.7,96,0,Overcast,0,0
254,14/9/2025,21:00,สวนแม่ฟ้าหลวง (ดอยตุง),20.32611,99.813845,api,17.9,96,0,Overcast,0,0
285,13/4/2025,21:00,ฮ่อมลมจอย,19.705495,99.760664,api,22,96,0.3,Light Drizzle,0,0
295,22/6/2025,21:00,ฮ่อมลมจอย,19.705495,99.760664,api,24.6,96,0,Overcast,0,0
308,21/9/2025,21:00,ฮ่อมลมจอย,19.705495,99.760664,api,24,96,0.3,Light Drizzle,0,0
343,18/5/2025,21:00,ดอยสะโง้,20.346547,99.98753,api,25.6,96,0,Overcast,0,0
347,15/6/2025,21:00,ดอยสะโง้,20.346547,99.98753,api,25.3,96,15.8,Heavy Rain,0,0
359,7/9/2025,21:00,ดอยสะโง้,20.346547,99.98753,api,25.2,96,0,Overcast,0,0
367,2/11/2025,21:00,ดอยสะโง้,20.346547,99.98753,api,23.3,96,0,Overcast,0,0
373,8/12/2024,21:00,ศรีค้ำ แม่จัน,20.220655,99.827766,api,21.4,96,0,Clear,0,0
416,5/10/2025,21:00,ศรีค้ำ แม่จัน,20.220655,99.827766,api,24.1,96,0.2,Light Drizzle,0,0
449,18/5/2025,21:00,แก้วก๋างนา ฟาร์มสเตย์,20.364135,99.886741,api,25.8,96,0,Overcast,0,0
453,15/6/2025,21:00,แก้วก๋างนา ฟาร์มสเตย์,20.364135,99.886741,api,25.5,96,15.8,Heavy Rain,0,0
465,7/9/2025,21:00,แก้วก๋างนา ฟาร์มสเตย์,20.364135,99.886741,api,25.3,96,0,Overcast,0,0
473,2/11/2025,21:00,แก้วก๋างนา ฟาร์มสเตย์,20.364135,99.886741,api,23.4,96,0,Overcast,0,0
509,6/7/2025,21:00,ศูนย์การเรียนรู้ อบจ.เชียงราย,19.928346,99.859843,api,24.3,96,1.3,Light Rain,0,0
517,31/8/2025,21:00,ศูนย์การเรียนรู้ อบจ.เชียงราย,19.928346,99.859843,api,24.1,96,0,Overcast,0,0
559,15/6/2025,21:00,บ้านปางหลวง,19.488732,99.588826,api,21.6,96,0,Overcast,0,0
560,22/6/2025,21:00,บ้านปางหลวง,19.488732,99.588826,api,21.3,96,0,Overcast,0,0
562,6/7/2025,21:00,บ้านปางหลวง,19.488732,99.588826,api,20.5,96,0,Overcast,0,0
568,17/8/2025,21:00,บ้านปางหลวง,19.488732,99.588826,api,20.3,96,0,Overcast,0,0
577,19/10/2025,21:00,บ้านปางหลวง,19.488732,99.588826,api,19.7,96,0,Clear,0,0
579,2/11/2025,21:00,บ้านปางหลวง,19.488732,99.588826,api,19.5,96,1.7,Light Rain,0,0
33,13/7/2025,21:00,ภูชี้ฟ้า,19.851383,100.453975,api,18.2,97,0,Overcast,0,0
47,19/10/2025,21:00,ภูชี้ฟ้า,19.851383,100.453975,api,16.4,97,0,Mainly Clear,0,0
73,13/4/2025,21:00,ภูชี้เดือน,19.882131,100.500142,api,14.7,97,0.3,Light Drizzle,0,0
83,22/6/2025,21:00,ภูชี้เดือน,19.882131,100.500142,api,16.7,97,0,Overcast,0,0
91,17/8/2025,21:00,ภูชี้เดือน,19.882131,100.500142,api,16.1,97,0,Overcast,0,0
92,24/8/2025,21:00,ภูชี้เดือน,19.882131,100.500142,api,16.8,97,0,Overcast,0,0
126,13/4/2025,21:00,ภูชี้ดาว,19.869002,100.486419,api,16.9,97,0.3,Light Drizzle,0,0
136,22/6/2025,21:00,ภูชี้ดาว,19.869002,100.486419,api,18.8,97,0,Overcast,0,0
144,17/8/2025,21:00,ภูชี้ดาว,19.869002,100.486419,api,18.3,97,0,Overcast,0,0
145,24/8/2025,21:00,ภูชี้ดาว,19.869002,100.486419,api,19,97,0,Overcast,0,0
185,25/5/2025,21:00,หอดูดาวมหาวิทยาลัยราชภัฏเชียงราย,19.992071,99.844441,api,23.7,97,0.3,Light Drizzle,0,0
243,29/6/2025,21:00,สวนแม่ฟ้าหลวง (ดอยตุง),20.32611,99.813845,api,18.7,97,0.1,Light Drizzle,0,0
253,7/9/2025,21:00,สวนแม่ฟ้าหลวง (ดอยตุง),20.32611,99.813845,api,19.2,97,0,Overcast,0,0
291,25/5/2025,21:00,ฮ่อมลมจอย,19.705495,99.760664,api,23.5,97,1,Heavy Drizzle,0,0
298,13/7/2025,21:00,ฮ่อมลมจอย,19.705495,99.760664,api,24.8,97,0,Overcast,0,0
305,31/8/2025,21:00,ฮ่อมลมจอย,19.705495,99.760664,api,23.4,97,0,Overcast,0,0
315,9/11/2025,21:00,ฮ่อมลมจอย,19.705495,99.760664,api,23,97,0,Overcast,0,0
397,25/5/2025,21:00,ศรีค้ำ แม่จัน,20.220655,99.827766,api,23.3,97,4,Rain,0,0
512,27/7/2025,21:00,ศูนย์การเรียนรู้ อบจ.เชียงราย,19.928346,99.859843,api,24.1,97,1.1,Heavy Drizzle,0,0
580,9/11/2025,21:00,บ้านปางหลวง,19.488732,99.588826,api,19.1,97,0,Partly Cloudy,0,0
3,15/12/2024,21:00,ภูชี้ฟ้า,19.851383,100.453975,api,10.6,98,0.1,Light Drizzle,0,0
28,8/6/2025,21:00,ภูชี้ฟ้า,19.851383,100.453975,api,19.1,98,0,Overcast,0,0
35,27/7/2025,21:00,ภูชี้ฟ้า,19.851383,100.453975,api,16.3,98,2.2,Light Rain,0,0
41,7/9/2025,21:00,ภูชี้ฟ้า,19.851383,100.453975,api,17.3,98,0,Overcast,0,0
199,31/8/2025,21:00,หอดูดาวมหาวิทยาลัยราชภัฏเชียงราย,19.992071,99.844441,api,23.3,98,0,Overcast,0,0
241,15/6/2025,21:00,สวนแม่ฟ้าหลวง (ดอยตุง),20.32611,99.813845,api,18.9,98,8.7,Heavy Rain,0,0
245,13/7/2025,21:00,สวนแม่ฟ้าหลวง (ดอยตุง),20.32611,99.813845,api,19.6,98,0,Overcast,0,0
257,5/10/2025,21:00,สวนแม่ฟ้าหลวง (ดอยตุง),20.32611,99.813845,api,18.1,98,2.2,Light Rain,0,0
297,6/7/2025,21:00,ฮ่อมลมจอย,19.705495,99.760664,api,24.5,98,0,Overcast,0,0
300,27/7/2025,21:00,ฮ่อมลมจอย,19.705495,99.760664,api,23.2,98,2.5,Rain,0,0
348,22/6/2025,21:00,ดอยสะโง้,20.346547,99.98753,api,24.2,98,0.1,Light Drizzle,0,0
350,6/7/2025,21:00,ดอยสะโง้,20.346547,99.98753,api,23.8,98,0,Overcast,0,0
353,27/7/2025,21:00,ดอยสะโง้,20.346547,99.98753,api,24.1,98,0.9,Drizzle,0,0
402,29/6/2025,21:00,ศรีค้ำ แม่จัน,20.220655,99.827766,api,24.5,98,0,Overcast,0,0
409,17/8/2025,21:00,ศรีค้ำ แม่จัน,20.220655,99.827766,api,23,98,3,Rain,0,0
413,14/9/2025,21:00,ศรีค้ำ แม่จัน,20.220655,99.827766,api,23,98,0,Overcast,0,0
454,22/6/2025,21:00,แก้วก๋างนา ฟาร์มสเตย์,20.364135,99.886741,api,24.4,98,0.1,Light Drizzle,0,0
456,6/7/2025,21:00,แก้วก๋างนา ฟาร์มสเตย์,20.364135,99.886741,api,24,98,0,Overcast,0,0
459,27/7/2025,21:00,แก้วก๋างนา ฟาร์มสเตย์,20.364135,99.886741,api,24.2,98,0.9,Drizzle,0,0
556,25/5/2025,21:00,บ้านปางหลวง,19.488732,99.588826,api,19.7,98,1.3,Light Rain,0,0
570,31/8/2025,21:00,บ้านปางหลวง,19.488732,99.588826,api,20.4,98,0,Overcast,0,0
20,13/4/2025,21:00,ภูชี้ฟ้า,19.851383,100.453975,api,15.2,99,2,Light Rain,0,0
38,17/8/2025,21:00,ภูชี้ฟ้า,19.851383,100.453975,api,16.8,99,0,Overcast,0,0
39,24/8/2025,21:00,ภูชี้ฟ้า,19.851383,100.453975,api,17.2,99,0,Overcast,0,0
56,15/12/2024,21:00,ภูชี้เดือน,19.882131,100.500142,api,9.6,99,0.1,Light Drizzle,0,0
88,27/7/2025,21:00,ภูชี้เดือน,19.882131,100.500142,api,15.1,99,2.1,Light Rain,0,0
103,9/11/2025,21:00,ภูชี้เดือน,19.882131,100.500142,api,15.3,99,0,Overcast,0,0
109,15/12/2024,21:00,ภูชี้ดาว,19.869002,100.486419,api,11.7,99,0.1,Light Drizzle,0,0
141,27/7/2025,21:00,ภูชี้ดาว,19.869002,100.486419,api,17.3,99,2.1,Light Rain,0,0
156,9/11/2025,21:00,ภูชี้ดาว,19.869002,100.486419,api,17.4,99,0,Overcast,0,0
192,13/7/2025,21:00,หอดูดาวมหาวิทยาลัยราชภัฏเชียงราย,19.992071,99.844441,api,24.9,99,0,Overcast,0,0
194,27/7/2025,21:00,หอดูดาวมหาวิทยาลัยราชภัฏเชียงราย,19.992071,99.844441,api,23.5,99,1.7,Light Rain,0,0
215,15/12/2024,21:00,สวนแม่ฟ้าหลวง (ดอยตุง),20.32611,99.813845,api,11.8,99,0,Overcast,0,0
238,25/5/2025,21:00,สวนแม่ฟ้าหลวง (ดอยตุง),20.32611,99.813845,api,17.5,99,2.4,Light Rain,0,0
247,27/7/2025,21:00,สวนแม่ฟ้าหลวง (ดอยตุง),20.32611,99.813845,api,18.7,99,0.7,Drizzle,0,0
250,17/8/2025,21:00,สวนแม่ฟ้าหลวง (ดอยตุง),20.32611,99.813845,api,18.1,99,0.8,Drizzle,0,0
304,24/8/2025,21:00,ฮ่อมลมจอย,19.705495,99.760664,api,24.3,99,0,Mainly Clear,0,0
320,8/12/2024,21:00,ดอยสะโง้,20.346547,99.98753,api,22,99,0,Clear,0,0
363,5/10/2025,21:00,ดอยสะโง้,20.346547,99.98753,api,23.9,99,0.3,Light Drizzle,0,0
401,22/6/2025,21:00,ศรีค้ำ แม่จัน,20.220655,99.827766,api,23.8,99,0.1,Light Drizzle,0,0
406,27/7/2025,21:00,ศรีค้ำ แม่จัน,20.220655,99.827766,api,23.5,99,1.1,Heavy Drizzle,0,0
426,8/12/2024,21:00,แก้วก๋างนา ฟาร์มสเตย์,20.364135,99.886741,api,22.1,99,0,Clear,0,0
469,5/10/2025,21:00,แก้วก๋างนา ฟาร์มสเตย์,20.364135,99.886741,api,24.1,99,0.3,Light Drizzle,0,0
550,13/4/2025,21:00,บ้านปางหลวง,19.488732,99.588826,api,18.5,99,1.7,Light Rain,0,0
565,27/7/2025,21:00,บ้านปางหลวง,19.488732,99.588826,api,20.4,99,2,Light Rain,0,0
30,22/6/2025,21:00,ภูชี้ฟ้า,19.851383,100.453975,api,17.3,100,0,Overcast,0,0
50,9/11/2025,21:00,ภูชี้ฟ้า,19.851383,100.453975,api,15.9,100,0,Overcast,0,0
242,22/6/2025,21:00,สวนแม่ฟ้าหลวง (ดอยตุง),20.32611,99.813845,api,18.4,100,0.2,Light Drizzle,0,0
244,6/7/2025,21:00,สวนแม่ฟ้าหลวง (ดอยตุง),20.32611,99.813845,api,18.1,100,0,Overcast,0,0
